problem_type,n_bits,layers,vseed,eta_eff,n_1qb,n_2qb,shots,HQC,cost_usd
PO,6,5,42,0.3496838274308945,52,75,100,22.24,331.94029850746267
PO,6,5,142,0.34968481437397103,52,75,100,22.24,331.94029850746267
PO,6,5,242,0.349683336721754,52,75,100,22.24,331.94029850746267
PO,6,5,342,0.3496881855285291,52,75,100,22.24,331.94029850746267
PO,6,5,442,0.34968894321274213,52,75,100,22.24,331.94029850746267
PO,6,5,542,0.3496856573332306,52,75,100,22.24,331.94029850746267
PO,6,5,642,0.34967818193607136,52,75,100,22.24,331.94029850746267
PO,6,5,742,0.34968018920998317,52,75,100,22.24,331.94029850746267
PO,6,5,842,0.34968961140023685,52,75,100,22.24,331.94029850746267
PO,6,5,942,0.34968414136940257,52,75,100,22.24,331.94029850746267
PO,6,10,42,0.3841435462740982,84,150,100,37.88,565.3731343283582
PO,6,10,142,0.38337729079021615,84,150,100,37.88,565.3731343283582
PO,6,10,242,0.38311655303978215,84,150,100,37.88,565.3731343283582
PO,6,10,342,0.38326590591388215,84,150,100,37.88,565.3731343283582
PO,6,10,442,0.3830391019853046,84,150,100,37.88,565.3731343283582
PO,6,10,542,0.3846760123147469,84,150,100,37.88,565.3731343283582
PO,6,10,642,0.383068905279529,84,150,100,37.88,565.3731343283582
PO,6,10,742,0.38327930730295984,84,150,100,37.88,565.3731343283582
PO,6,10,842,0.38449568615322594,84,150,100,37.88,565.3731343283582
PO,6,10,942,0.38441900767859694,84,150,100,37.88,565.3731343283582
PO,6,20,42,0.41408619127205515,146,300,100,69.12,1031.6417910447763
PO,6,20,142,0.4165043257201181,146,300,100,69.12,1031.6417910447763
PO,6,20,242,0.4182123024911218,148,300,100,69.16,1032.2388059701493
PO,6,20,342,0.34709310552607764,146,300,100,69.12,1031.6417910447763
PO,6,20,442,0.35199363917080806,150,300,100,69.2,1032.8358208955224
PO,6,20,542,0.34521283257890945,146,300,100,69.12,1031.6417910447763
PO,6,20,642,0.3855301090707578,150,300,100,69.2,1032.8358208955224
PO,6,20,742,0.3596441290255824,146,300,100,69.12,1031.6417910447763
PO,6,20,842,0.4180563742191203,148,300,100,69.16,1032.2388059701493
PO,6,20,942,0.35999956236160063,146,300,100,69.12,1031.6417910447763
PO,9,5,42,0.2585584338928379,70,180,100,44.2,659.7014925373135
PO,9,5,142,0.258558733496394,70,180,100,44.2,659.7014925373135
PO,9,5,242,0.2585590120784307,70,180,100,44.2,659.7014925373135
PO,9,5,342,0.25855910890179185,70,180,100,44.2,659.7014925373135
PO,9,5,442,0.25855899095099416,70,180,100,44.2,659.7014925373135
PO,9,5,542,0.258559321472602,70,180,100,44.2,659.7014925373135
PO,9,5,642,0.2585585809248814,70,180,100,44.2,659.7014925373135
PO,9,5,742,0.25855863505356674,70,180,100,44.2,659.7014925373135
PO,9,5,842,0.25855948710681376,70,180,100,44.2,659.7014925373135
PO,9,5,942,0.2585594629812477,70,180,100,44.2,659.7014925373135
PO,9,10,42,0.3682479639291042,141,360,100,81.62,1218.2089552238806
PO,9,10,142,0.36824998477524584,141,360,100,81.62,1218.2089552238806
PO,9,10,242,0.3682529819535929,141,360,100,81.62,1218.2089552238806
PO,9,10,342,0.36825379054361324,141,360,100,81.62,1218.2089552238806
PO,9,10,442,0.36825281202975374,141,360,100,81.62,1218.2089552238806
PO,9,10,542,0.36825578391894626,141,360,100,81.62,1218.2089552238806
PO,9,10,642,0.3682492466240904,141,360,100,81.62,1218.2089552238806
PO,9,10,742,0.3682492776006351,141,360,100,81.62,1218.2089552238806
PO,9,10,842,0.3682570874573939,141,360,100,81.62,1218.2089552238806
PO,9,10,942,0.36825665698755633,141,360,100,81.62,1218.2089552238806
PO,9,20,42,0.44855320564163303,246,720,100,155.72,2324.179104477612
PO,9,20,142,0.4483945856256839,246,720,100,155.72,2324.179104477612
PO,9,20,242,0.44853276597686126,246,720,100,155.72,2324.179104477612
PO,9,20,342,0.44865250872701107,246,720,100,155.72,2324.179104477612
PO,9,20,442,0.44854475228901936,246,720,100,155.72,2324.179104477612
PO,9,20,542,0.44618885058641256,246,720,100,155.72,2324.179104477612
PO,9,20,642,0.44874332590187727,246,720,100,155.72,2324.179104477612
PO,9,20,742,0.44834240379446566,246,720,100,155.72,2324.179104477612
PO,9,20,842,0.44904611158850466,246,720,100,155.72,2324.179104477612
PO,9,20,942,0.4491727808858443,246,720,100,155.72,2324.179104477612
PO,12,5,42,0.2654539207714391,104,330,100,75.48,1126.5671641791046
PO,12,5,142,0.2654539113475648,104,330,100,75.48,1126.5671641791046
PO,12,5,242,0.2654538787752606,104,330,100,75.48,1126.5671641791046
PO,12,5,342,0.26545389532951924,104,330,100,75.48,1126.5671641791046
PO,12,5,442,0.265453885746874,104,330,100,75.48,1126.5671641791046
PO,12,5,542,0.2654538878156542,104,330,100,75.48,1126.5671641791046
PO,12,5,642,0.2654539239656685,104,330,100,75.48,1126.5671641791046
PO,12,5,742,0.2654539089116673,104,330,100,75.48,1126.5671641791046
PO,12,5,842,0.26545387979567253,104,330,100,75.48,1126.5671641791046
PO,12,5,942,0.26545385595556614,104,330,100,75.48,1126.5671641791046
PO,12,10,42,0.28729216622731246,164,660,100,142.68,2129.5522388059703
PO,12,10,142,0.28729219555183577,164,660,100,142.68,2129.5522388059703
PO,12,10,242,0.2872921729500124,164,660,100,142.68,2129.5522388059703
PO,12,10,342,0.2872920918871538,164,660,100,142.68,2129.5522388059703
PO,12,10,442,0.2872921279109401,164,660,100,142.68,2129.5522388059703
PO,12,10,542,0.2872921336384837,164,660,100,142.68,2129.5522388059703
PO,12,10,642,0.2872922154926975,164,660,100,142.68,2129.5522388059703
PO,12,10,742,0.2872921708394344,164,660,100,142.68,2129.5522388059703
PO,12,10,842,0.2872921080648672,164,660,100,142.68,2129.5522388059703
PO,12,10,942,0.28729211735250515,164,660,100,142.68,2129.5522388059703
PO,12,20,42,0.3722481430171497,334,1320,100,278.08,4150.44776119403
PO,12,20,142,0.3655605427845477,334,1320,100,278.08,4150.44776119403
PO,12,20,242,0.35303902902899054,334,1298,100,273.68,4084.7761194029854
PO,12,20,342,0.37673412308848414,334,1320,100,278.08,4150.44776119403
PO,12,20,442,0.3652483602731003,334,1320,100,278.08,4150.44776119403
PO,12,20,542,0.35820310015748963,334,1320,100,278.08,4150.44776119403
PO,12,20,642,0.3833512524138688,334,1320,100,278.08,4150.44776119403
PO,12,20,742,0.3510754448742862,334,1320,100,278.08,4150.44776119403
PO,12,20,842,0.3580819546470708,334,1320,100,278.08,4150.44776119403
PO,12,20,942,0.36800176010954055,334,1320,100,278.08,4150.44776119403
NPP,9,5,52,0.9999884655009379,72,90,100,26.24,391.6417910447761
NPP,9,5,53,0.9999931982142755,72,90,100,26.24,391.6417910447761
NPP,9,5,54,0.9999905755681605,72,90,100,26.24,391.6417910447761
NPP,9,5,55,0.9999853939099893,72,90,100,26.24,391.6417910447761
NPP,9,5,56,0.9999930624277317,72,90,100,26.24,391.6417910447761
NPP,9,5,57,0.9999763807329302,72,84,100,25.04,373.7313432835821
NPP,9,5,58,0.9999923872711572,72,90,100,26.24,391.6417910447761
NPP,9,5,59,0.9999916449428623,72,90,100,26.24,391.6417910447761
NPP,9,5,60,0.9999929248286711,72,90,100,26.24,391.6417910447761
NPP,9,5,61,0.9999933591853803,72,90,100,26.24,391.6417910447761
NPP,9,10,52,0.9994028064644885,115,180,100,45.1,673.134328358209
NPP,9,10,53,0.999906951262276,115,180,100,45.1,673.134328358209
NPP,9,10,54,0.9994416994917775,115,180,100,45.1,673.134328358209
NPP,9,10,55,0.9998299733556755,115,180,100,45.1,673.134328358209
NPP,9,10,56,0.9999056588509341,115,180,100,45.1,673.134328358209
NPP,9,10,57,0.9997513912715796,115,171,100,43.3,646.2686567164179
NPP,9,10,58,0.9998909752515399,115,180,100,45.1,673.134328358209
NPP,9,10,59,0.9998773312992445,115,180,100,45.1,673.134328358209
NPP,9,10,60,0.9999038877733408,115,180,100,45.1,673.134328358209
NPP,9,10,61,0.9999103887002422,115,180,100,45.1,673.134328358209
NPP,9,20,52,0.9992800405274007,198,360,100,82.76,1235.223880597015
NPP,9,20,53,0.9979516242944083,198,360,100,82.76,1235.223880597015
NPP,9,20,54,0.9994051868187321,198,360,100,82.76,1235.223880597015
NPP,9,20,55,0.9989812068027855,198,360,100,82.76,1235.223880597015
NPP,9,20,56,0.9995848169100054,198,360,100,82.76,1235.223880597015
NPP,9,20,57,0.9984778370599621,198,354,100,81.56,1217.313432835821
NPP,9,20,58,0.9978436722737677,198,360,100,82.76,1235.223880597015
NPP,9,20,59,0.9977372054027072,198,360,100,82.76,1235.223880597015
NPP,9,20,60,0.9995711718599158,198,360,100,82.76,1235.223880597015
NPP,9,20,61,0.999615518341538,198,360,100,82.76,1235.223880597015
NPP,12,5,52,0.9999940614762229,97,132,100,35.739999999999995,533.4328358208954
NPP,12,5,53,0.9999943062501042,97,150,100,39.34,587.1641791044776
NPP,12,5,54,0.9999941582134374,97,144,100,38.14,569.2537313432836
NPP,12,5,55,0.9999938078261454,97,135,100,36.34,542.3880597014926
NPP,12,5,56,0.9999942878989551,97,150,100,39.34,587.1641791044776
NPP,12,5,57,0.999993354023364,97,123,100,33.94,506.56716417910445
NPP,12,5,58,0.9999942151418888,97,144,100,38.14,569.2537313432836
NPP,12,5,59,0.9999937431926412,97,111,100,31.54,470.74626865671644
NPP,12,5,60,0.9999942221951348,97,147,100,38.74,578.2089552238806
NPP,12,5,61,0.999994280151051,97,150,100,39.34,587.1641791044776
NPP,12,10,52,0.9999501831679961,154,276,100,65.68,980.2985074626866
NPP,12,10,53,0.9999557560513903,154,300,100,70.48,1051.9402985074628
NPP,12,10,54,0.999952828541016,154,300,100,70.48,1051.9402985074628
NPP,12,10,55,0.9999450201993747,154,285,100,67.47999999999999,1007.1641791044775
NPP,12,10,56,0.9999555643921246,154,300,100,70.48,1051.9402985074628
NPP,12,10,57,0.9999358727301905,154,264,100,63.28,944.4776119402985
NPP,12,10,58,0.9999539855895003,154,300,100,70.48,1051.9402985074628
NPP,12,10,59,0.9999441601488726,152,246,100,59.64,890.1492537313433
NPP,12,10,60,0.9999540687671865,154,300,100,70.48,1051.9402985074628
NPP,12,10,61,0.9999552938465939,154,300,100,70.48,1051.9402985074628
NPP,12,20,52,0.9999477749419305,272,567,100,126.24,1884.1791044776119
NPP,12,20,53,0.9999664442724808,274,600,100,132.88,1983.2835820895523
NPP,12,20,54,0.9999534028514572,274,591,100,131.07999999999998,1956.417910447761
NPP,12,20,55,0.9999262148768069,274,588,100,130.48000000000002,1947.4626865671646
NPP,12,20,56,0.9999640778303408,274,600,100,132.88,1983.2835820895523
NPP,12,20,57,0.999882625050764,272,537,100,120.24,1794.6268656716418
NPP,12,20,58,0.999957853487408,274,600,100,132.88,1983.2835820895523
NPP,12,20,59,0.9999158606337654,272,543,100,121.44,1812.5373134328358
NPP,12,20,60,0.9999598668335521,274,600,100,132.88,1983.2835820895523
NPP,12,20,61,0.9999639537176259,274,600,100,132.88,1983.2835820895523
NPP,15,5,52,0.9999931347704375,122,165,100,43.44,648.3582089552239
NPP,15,5,53,0.999993160580691,122,198,100,50.04,746.8656716417911
NPP,15,5,54,0.9999931414544877,122,177,100,45.84,684.179104477612
NPP,15,5,55,0.9999931140631414,122,162,100,42.84,639.4029850746269
NPP,15,5,56,0.9999931603192003,122,198,100,50.04,746.8656716417911
NPP,15,5,57,0.9999930619011507,121,132,100,36.82,549.5522388059702
NPP,15,5,58,0.9999931116362332,122,165,100,43.44,648.3582089552239
NPP,15,5,59,0.9999931117255825,119,156,100,41.58,620.5970149253732
NPP,15,5,60,0.9999931522698676,122,198,100,50.04,746.8656716417911
NPP,15,5,61,0.9999931557455451,122,198,100,50.04,746.8656716417911
NPP,15,10,52,0.9999459287833217,191,372,100,86.22,1286.865671641791
NPP,15,10,53,0.9999467201083699,193,444,100,100.66,1502.3880597014925
NPP,15,10,54,0.9999460908119404,192,396,100,91.04,1358.8059701492539
NPP,15,10,55,0.9999454269288836,191,348,100,81.42,1215.223880597015
NPP,15,10,56,0.9999465840163622,193,447,100,101.26,1511.3432835820897
NPP,15,10,57,0.999944407918323,189,309,100,73.58,1098.2089552238806
NPP,15,10,58,0.9999455178968036,191,366,100,85.02,1268.955223880597
NPP,15,10,59,0.9999453652732827,191,345,100,80.82,1206.2686567164178
NPP,15,10,60,0.9999463454848383,193,429,100,97.66,1457.6119402985075
NPP,15,10,61,0.9999464295207214,193,441,100,100.06,1493.4328358208957
NPP,15,20,52,0.9999843772919638,341,822,100,179.22,2674.9253731343283
NPP,15,20,53,0.9999845865511392,341,849,100,184.62,2755.522388059702
NPP,15,20,54,0.9999848443901113,341,843,100,183.42,2737.6119402985073
NPP,15,20,55,0.9999833003226074,339,792,100,173.18,2584.7761194029854
NPP,15,20,56,0.9999854965509206,340,849,100,184.6,2755.223880597015
NPP,15,20,57,0.9999793957245853,339,729,100,160.58,2396.716417910448
NPP,15,20,58,0.999982554797841,339,789,100,172.58,2575.820895522388
NPP,15,20,59,0.9999830978080481,339,711,100,156.98,2342.9850746268658
NPP,15,20,60,0.9999855088416824,340,843,100,183.4,2737.313432835821
NPP,15,20,61,0.9999856407322755,342,843,100,183.44,2737.910447761194
TSP_rand,9,5,42,0.8401172075568968,70,180,100,44.2,659.7014925373135
TSP_rand,9,5,43,0.840117115646292,70,180,100,44.2,659.7014925373135
TSP_rand,9,5,44,0.8401170683286255,70,180,100,44.2,659.7014925373135
TSP_rand,9,5,45,0.840117139024727,70,180,100,44.2,659.7014925373135
TSP_rand,9,5,46,0.8401170316080984,70,180,100,44.2,659.7014925373135
TSP_rand,9,5,47,0.8401171563586929,70,180,100,44.2,659.7014925373135
TSP_rand,9,5,48,0.8401171591360684,70,180,100,44.2,659.7014925373135
TSP_rand,9,5,49,0.8401170773058307,70,180,100,44.2,659.7014925373135
TSP_rand,9,5,50,0.8401170736300179,70,180,100,44.2,659.7014925373135
TSP_rand,9,5,51,0.8401170057770313,70,180,100,44.2,659.7014925373135
TSP_rand,9,10,42,0.9914874783779335,129,360,100,81.38,1214.6268656716418
TSP_rand,9,10,43,0.9914859647103432,129,360,100,81.38,1214.6268656716418
TSP_rand,9,10,44,0.9914851500334523,129,360,100,81.38,1214.6268656716418
TSP_rand,9,10,45,0.9914863583037049,129,360,100,81.38,1214.6268656716418
TSP_rand,9,10,46,0.991484502704427,129,360,100,81.38,1214.6268656716418
TSP_rand,9,10,47,0.9914866465492622,129,360,100,81.38,1214.6268656716418
TSP_rand,9,10,48,0.9914866922115784,129,360,100,81.38,1214.6268656716418
TSP_rand,9,10,49,0.9914853054072638,129,360,100,81.38,1214.6268656716418
TSP_rand,9,10,50,0.9914852430925247,129,360,100,81.38,1214.6268656716418
TSP_rand,9,10,51,0.9914840351652277,129,360,100,81.38,1214.6268656716418
TSP_rand,9,20,42,0.9966273816423374,226,720,100,155.32,2318.2089552238804
TSP_rand,9,20,43,0.9969116662384101,226,720,100,155.32,2318.2089552238804
TSP_rand,9,20,44,0.9969755276813843,226,720,100,155.32,2318.2089552238804
TSP_rand,9,20,45,0.9966967744964935,226,720,100,155.32,2318.2089552238804
TSP_rand,9,20,46,0.9970102777491026,226,720,100,155.32,2318.2089552238804
TSP_rand,9,20,47,0.9966225775118829,226,720,100,155.32,2318.2089552238804
TSP_rand,9,20,48,0.9967779492820708,226,720,100,155.32,2318.2089552238804
TSP_rand,9,20,49,0.9969852356451367,226,720,100,155.32,2318.2089552238804
TSP_rand,9,20,50,0.9969840370927601,226,720,100,155.32,2318.2089552238804
TSP_rand,9,20,51,0.9969821996155258,226,720,100,155.32,2318.2089552238804
TSP_rand,16,5,42,0.5654728759988068,140,360,100,83.0,1238.8059701492539
TSP_rand,16,5,43,0.5654728760342186,140,368,100,84.6,1262.686567164179
TSP_rand,16,5,44,0.565472875925104,140,344,100,79.8,1191.044776119403
TSP_rand,16,5,45,0.5654728757351094,140,344,100,79.8,1191.044776119403
TSP_rand,16,5,46,0.5654728757879506,140,360,100,83.0,1238.8059701492539
TSP_rand,16,5,47,0.5654728755987567,140,352,100,81.4,1214.9253731343285
TSP_rand,16,5,48,0.5654743948761759,140,352,100,81.4,1214.9253731343285
TSP_rand,16,5,49,0.5654728757876591,140,344,100,79.8,1191.044776119403
TSP_rand,16,5,50,0.5654728759347883,140,344,100,79.8,1191.044776119403
TSP_rand,16,5,51,0.5654728757310555,140,352,100,81.4,1214.9253731343285
TSP_rand,16,10,42,0.9573038933957184,234,760,100,164.88,2460.89552238806
TSP_rand,16,10,43,0.9573038988696613,234,784,100,169.68,2532.537313432836
TSP_rand,16,10,44,0.9573038938015767,234,768,100,166.48,2484.776119402985
TSP_rand,16,10,45,0.957303880032805,234,760,100,164.88,2460.89552238806
TSP_rand,16,10,46,0.9573038790583804,234,752,100,163.28,2437.0149253731342
TSP_rand,16,10,47,0.9573038688427832,234,736,100,160.08,2389.253731343284
TSP_rand,16,10,48,0.9556884280146231,234,736,100,160.08,2389.253731343284
TSP_rand,16,10,49,0.9573038836419975,234,768,100,166.48,2484.776119402985
TSP_rand,16,10,50,0.9573038948420145,234,760,100,164.88,2460.89552238806
TSP_rand,16,10,51,0.9573038772913036,234,744,100,161.68,2413.134328358209
TSP_rand,16,20,42,0.9973376636384285,450,1568,100,330.8,4937.313432835821
TSP_rand,16,20,43,0.9973376662132414,450,1584,100,334.0,4985.074626865672
TSP_rand,16,20,44,0.9973376599711448,450,1568,100,330.8,4937.313432835821
TSP_rand,16,20,45,0.997337643439522,450,1560,100,329.2,4913.432835820896
TSP_rand,16,20,46,0.9973376455657902,450,1560,100,329.2,4913.432835820896
TSP_rand,16,20,47,0.9973376324308,450,1504,100,318.0,4746.268656716418
TSP_rand,16,20,48,0.9973401471426935,450,1512,100,319.6,4770.149253731343
TSP_rand,16,20,49,0.9973376486073012,450,1568,100,330.8,4937.313432835821
TSP_rand,16,20,50,0.9973376613669759,450,1552,100,327.6,4889.552238805971
TSP_rand,16,20,51,0.997337641814195,450,1552,100,327.6,4889.552238805971
